{"cameraMode":{"drawMode":0,"name":"Shaded","section":"Shading Mode"},"sceneLighting":true,"audioPlay":false,"sceneViewState":{"m_AlwaysRefresh":false,"showFog":true,"showSkybox":true,"showFlares":true,"showImageEffects":true,"showParticleSystems":true,"showVisualEffectGraphs":true,"m_FxEnabled":true},"in2DMode":false,"pivot":{"x":0.34640243649482729,"y":1.2169185876846314,"z":-10.855781555175782},"rotation":{"x":0.0005467422888614237,"y":0.998063325881958,"z":-0.06176863610744476,"w":0.009288251399993897},"size":9.814230918884278,"orthographic":false}