{"cameraMode":{"drawMode":0,"name":"Shaded","section":"Shading Mode"},"sceneLighting":false,"audioPlay":false,"sceneViewState":{"m_AlwaysRefresh":false,"showFog":true,"showSkybox":false,"showFlares":true,"showImageEffects":true,"showParticleSystems":true,"showVisualEffectGraphs":true,"m_FxEnabled":true},"in2DMode":false,"pivot":{"x":0.9692541360855103,"y":-16.249582290649415,"z":93.8658447265625},"rotation":{"x":-0.0011781522771343589,"y":-0.9850983619689941,"z":0.17194925248622895,"w":-0.006795551627874374},"size":39.755191802978519,"orthographic":false}