{"cameraMode":{"drawMode":0,"name":"Shaded","section":"Shading Mode"},"sceneLighting":false,"audioPlay":false,"sceneViewState":{"m_AlwaysRefresh":false,"showFog":true,"showSkybox":false,"showFlares":true,"showImageEffects":true,"showParticleSystems":true,"showVisualEffectGraphs":true,"m_FxEnabled":true},"in2DMode":false,"pivot":{"x":-1.3943397998809815,"y":0.3514326810836792,"z":0.16192954778671266},"rotation":{"x":0.06898284703493118,"y":-0.7245140671730042,"z":0.07327879220247269,"w":0.681891918182373},"size":2.593332052230835,"orthographic":false}